"LOCATION","INDICATOR","SUBJECT","MEASURE","FREQUENCY","TIME","Value","Flag Codes"
"DEU","LTINT","TOT","PC_PA","M","2007-01",4.017273,
"DEU","LTINT","TOT","PC_PA","M","2007-02",4.049,
"DEU","LTINT","TOT","PC_PA","M","2007-03",3.941364,
"DEU","LTINT","TOT","PC_PA","M","2007-04",4.152632,
"DEU","LTINT","TOT","PC_PA","M","2007-05",4.279047,
"DEU","LTINT","TOT","PC_PA","M","2007-06",4.560476,
"DEU","LTINT","TOT","PC_PA","M","2007-07",4.505,
"DEU","LTINT","TOT","PC_PA","M","2007-08",4.296522,
"DEU","LTINT","TOT","PC_PA","M","2007-09",4.226,
"DEU","LTINT","TOT","PC_PA","M","2007-10",4.282609,
"DEU","LTINT","TOT","PC_PA","M","2007-11",4.089545,
"DEU","LTINT","TOT","PC_PA","M","2007-12",4.205883,
"DEU","LTINT","TOT","PC_PA","M","2008-01",4.027727,
"DEU","LTINT","TOT","PC_PA","M","2008-02",3.952857,
"DEU","LTINT","TOT","PC_PA","M","2008-03",3.799474,
"DEU","LTINT","TOT","PC_PA","M","2008-04",4.04,
"DEU","LTINT","TOT","PC_PA","M","2008-05",4.201905,
"DEU","LTINT","TOT","PC_PA","M","2008-06",4.520476,
"DEU","LTINT","TOT","PC_PA","M","2008-07",4.490435,
"DEU","LTINT","TOT","PC_PA","M","2008-08",4.202381,
"DEU","LTINT","TOT","PC_PA","M","2008-09",4.094091,
"DEU","LTINT","TOT","PC_PA","M","2008-10",3.883913,
"DEU","LTINT","TOT","PC_PA","M","2008-11",3.5565,
"DEU","LTINT","TOT","PC_PA","M","2008-12",3.047895,
"DEU","LTINT","TOT","PC_PA","M","2009-01",3.070952,
"DEU","LTINT","TOT","PC_PA","M","2009-02",3.1275,
"DEU","LTINT","TOT","PC_PA","M","2009-03",3.019546,
"DEU","LTINT","TOT","PC_PA","M","2009-04",3.133,
"DEU","LTINT","TOT","PC_PA","M","2009-05",3.371,
"DEU","LTINT","TOT","PC_PA","M","2009-06",3.473636,
"DEU","LTINT","TOT","PC_PA","M","2009-07",3.337826,
"DEU","LTINT","TOT","PC_PA","M","2009-08",3.305238,
"DEU","LTINT","TOT","PC_PA","M","2009-09",3.263182,
"DEU","LTINT","TOT","PC_PA","M","2009-10",3.209091,
"DEU","LTINT","TOT","PC_PA","M","2009-11",3.217143,
"DEU","LTINT","TOT","PC_PA","M","2009-12",3.1385,
"DEU","LTINT","TOT","PC_PA","M","2010-01",3.2575,
"DEU","LTINT","TOT","PC_PA","M","2010-02",3.17,
"DEU","LTINT","TOT","PC_PA","M","2010-03",3.102174,
"DEU","LTINT","TOT","PC_PA","M","2010-04",3.0645,
"DEU","LTINT","TOT","PC_PA","M","2010-05",2.734286,
"DEU","LTINT","TOT","PC_PA","M","2010-06",2.543182,
"DEU","LTINT","TOT","PC_PA","M","2010-07",2.615909,
"DEU","LTINT","TOT","PC_PA","M","2010-08",2.35,
"DEU","LTINT","TOT","PC_PA","M","2010-09",2.300455,
"DEU","LTINT","TOT","PC_PA","M","2010-10",2.345714,
"DEU","LTINT","TOT","PC_PA","M","2010-11",2.533182,
"DEU","LTINT","TOT","PC_PA","M","2010-12",2.914762,
"DEU","LTINT","TOT","PC_PA","M","2011-01",3.016667,
"DEU","LTINT","TOT","PC_PA","M","2011-02",3.199,
"DEU","LTINT","TOT","PC_PA","M","2011-03",3.211739,
"DEU","LTINT","TOT","PC_PA","M","2011-04",3.340526,
"DEU","LTINT","TOT","PC_PA","M","2011-05",3.060909,
"DEU","LTINT","TOT","PC_PA","M","2011-06",2.890909,
"DEU","LTINT","TOT","PC_PA","M","2011-07",2.743809,
"DEU","LTINT","TOT","PC_PA","M","2011-08",2.213478,
"DEU","LTINT","TOT","PC_PA","M","2011-09",1.829091,
"DEU","LTINT","TOT","PC_PA","M","2011-10",2.002381,
"DEU","LTINT","TOT","PC_PA","M","2011-11",1.874545,
"DEU","LTINT","TOT","PC_PA","M","2011-12",1.927619,
"DEU","LTINT","TOT","PC_PA","M","2012-01",1.820909,
"DEU","LTINT","TOT","PC_PA","M","2012-02",1.851905,
"DEU","LTINT","TOT","PC_PA","M","2012-03",1.830455,
"DEU","LTINT","TOT","PC_PA","M","2012-04",1.62421,
"DEU","LTINT","TOT","PC_PA","M","2012-05",1.336818,
"DEU","LTINT","TOT","PC_PA","M","2012-06",1.300476,
"DEU","LTINT","TOT","PC_PA","M","2012-07",1.242273,
"DEU","LTINT","TOT","PC_PA","M","2012-08",1.341739,
"DEU","LTINT","TOT","PC_PA","M","2012-09",1.4905,
"DEU","LTINT","TOT","PC_PA","M","2012-10",1.466956,
"DEU","LTINT","TOT","PC_PA","M","2012-11",1.335909,
"DEU","LTINT","TOT","PC_PA","M","2012-12",1.299412,
"DEU","LTINT","TOT","PC_PA","M","2013-01",1.512273,
"DEU","LTINT","TOT","PC_PA","M","2013-02",1.5435,
"DEU","LTINT","TOT","PC_PA","M","2013-03",1.3545,
"DEU","LTINT","TOT","PC_PA","M","2013-04",1.19619,
"DEU","LTINT","TOT","PC_PA","M","2013-05",1.294091,
"DEU","LTINT","TOT","PC_PA","M","2013-06",1.5305,
"DEU","LTINT","TOT","PC_PA","M","2013-07",1.565652,
"DEU","LTINT","TOT","PC_PA","M","2013-08",1.735,
"DEU","LTINT","TOT","PC_PA","M","2013-09",1.888095,
"DEU","LTINT","TOT","PC_PA","M","2013-10",1.762174,
"DEU","LTINT","TOT","PC_PA","M","2013-11",1.677143,
"DEU","LTINT","TOT","PC_PA","M","2013-12",1.797778,
"DEU","LTINT","TOT","PC_PA","M","2014-01",1.755909,
"DEU","LTINT","TOT","PC_PA","M","2014-02",1.5585,
"DEU","LTINT","TOT","PC_PA","M","2014-03",1.508571,
"DEU","LTINT","TOT","PC_PA","M","2014-04",1.4565,
"DEU","LTINT","TOT","PC_PA","M","2014-05",1.327143,
"DEU","LTINT","TOT","PC_PA","M","2014-06",1.264286,
"DEU","LTINT","TOT","PC_PA","M","2014-07",1.114348,
"DEU","LTINT","TOT","PC_PA","M","2014-08",0.9566666,
"DEU","LTINT","TOT","PC_PA","M","2014-09",0.9213637,
"DEU","LTINT","TOT","PC_PA","M","2014-10",0.7909091,
"DEU","LTINT","TOT","PC_PA","M","2014-11",0.719,
"DEU","LTINT","TOT","PC_PA","M","2014-12",0.5889474,
"DEU","LTINT","TOT","PC_PA","M","2015-01",0.39,
"DEU","LTINT","TOT","PC_PA","M","2015-02",0.302,
"DEU","LTINT","TOT","PC_PA","M","2015-03",0.2277273,
"DEU","LTINT","TOT","PC_PA","M","2015-04",0.122,
"DEU","LTINT","TOT","PC_PA","M","2015-05",0.5557895,
"DEU","LTINT","TOT","PC_PA","M","2015-06",0.7927273,
"DEU","LTINT","TOT","PC_PA","M","2015-07",0.71,
"DEU","LTINT","TOT","PC_PA","M","2015-08",0.6090476,
"DEU","LTINT","TOT","PC_PA","M","2015-09",0.6545454,
"DEU","LTINT","TOT","PC_PA","M","2015-10",0.5181818,
"DEU","LTINT","TOT","PC_PA","M","2015-11",0.5161905,
"DEU","LTINT","TOT","PC_PA","M","2015-12",0.5455,
"DEU","LTINT","TOT","PC_PA","M","2016-01",0.4305,
"DEU","LTINT","TOT","PC_PA","M","2016-02",0.1733333,
"DEU","LTINT","TOT","PC_PA","M","2016-03",0.1714286,
"DEU","LTINT","TOT","PC_PA","M","2016-04",0.1347619,
"DEU","LTINT","TOT","PC_PA","M","2016-05",0.1328571,
"DEU","LTINT","TOT","PC_PA","M","2016-06",-0.01681818,
"DEU","LTINT","TOT","PC_PA","M","2016-07",-0.1542857,
"DEU","LTINT","TOT","PC_PA","M","2016-08",-0.1317391,
"DEU","LTINT","TOT","PC_PA","M","2016-09",-0.08409091,
"DEU","LTINT","TOT","PC_PA","M","2016-10",0.002,
"DEU","LTINT","TOT","PC_PA","M","2016-11",0.1890909,
"DEU","LTINT","TOT","PC_PA","M","2016-12",0.2519048,
"DEU","LTINT","TOT","PC_PA","M","2017-01",0.2509091,
"DEU","LTINT","TOT","PC_PA","M","2017-02",0.258,
"DEU","LTINT","TOT","PC_PA","M","2017-03",0.3482609,
"DEU","LTINT","TOT","PC_PA","M","2017-04",0.2255556,
"DEU","LTINT","TOT","PC_PA","M","2017-05",0.3363636,
"DEU","LTINT","TOT","PC_PA","M","2017-06",0.2504762,
"DEU","LTINT","TOT","PC_PA","M","2017-07",0.4557143,
"DEU","LTINT","TOT","PC_PA","M","2017-08",0.3460869,
"DEU","LTINT","TOT","PC_PA","M","2017-09",0.3471428,
"DEU","LTINT","TOT","PC_PA","M","2017-10",0.3725,
"DEU","LTINT","TOT","PC_PA","M","2017-11",0.3081818,
"DEU","LTINT","TOT","PC_PA","M","2017-12",0.2973684,
"DEU","LTINT","TOT","PC_PA","M","2018-01",0.4745454,
"DEU","LTINT","TOT","PC_PA","M","2018-02",0.659,
"DEU","LTINT","TOT","PC_PA","M","2018-03",0.53,
"DEU","LTINT","TOT","PC_PA","M","2018-04",0.4805,
"DEU","LTINT","TOT","PC_PA","M","2018-05",0.45,
"DEU","LTINT","TOT","PC_PA","M","2018-06",0.3271429,
"DEU","LTINT","TOT","PC_PA","M","2018-07",0.275,
"DEU","LTINT","TOT","PC_PA","M","2018-08",0.2908696,
"DEU","LTINT","TOT","PC_PA","M","2018-09",0.3705,
"DEU","LTINT","TOT","PC_PA","M","2018-10",0.3990909,
"DEU","LTINT","TOT","PC_PA","M","2018-11",0.3140909,
"DEU","LTINT","TOT","PC_PA","M","2018-12",0.1870588,
"DEU","LTINT","TOT","PC_PA","M","2019-01",0.1327273,
"DEU","LTINT","TOT","PC_PA","M","2019-02",0.0555,
"DEU","LTINT","TOT","PC_PA","M","2019-03",0.01095238,
"DEU","LTINT","TOT","PC_PA","M","2019-04",-0.0395,
"DEU","LTINT","TOT","PC_PA","M","2019-05",-0.1345455,
"DEU","LTINT","TOT","PC_PA","M","2019-06",-0.3152632,
"DEU","LTINT","TOT","PC_PA","M","2019-07",-0.3882609,
"DEU","LTINT","TOT","PC_PA","M","2019-08",-0.6490909,
"DEU","LTINT","TOT","PC_PA","M","2019-09",-0.5947619,
"DEU","LTINT","TOT","PC_PA","M","2019-10",-0.4695455,
"DEU","LTINT","TOT","PC_PA","M","2019-11",-0.352381,
"DEU","LTINT","TOT","PC_PA","M","2019-12",-0.2994444,
"DEU","LTINT","TOT","PC_PA","M","2020-01",-0.3136364,
"DEU","LTINT","TOT","PC_PA","M","2020-02",-0.466,
"DEU","LTINT","TOT","PC_PA","M","2020-03",-0.5418182,
"DEU","LTINT","TOT","PC_PA","M","2020-04",-0.4495,
"DEU","LTINT","TOT","PC_PA","M","2020-05",-0.5165,
"DEU","LTINT","TOT","PC_PA","M","2020-06",-0.4342857,
"DEU","LTINT","TOT","PC_PA","M","2020-07",-0.5230435,
"DEU","LTINT","TOT","PC_PA","M","2020-08",-0.5233333,
"DEU","LTINT","TOT","PC_PA","M","2020-09",-0.5245454,
"DEU","LTINT","TOT","PC_PA","M","2020-10",-0.6072727,
"DEU","LTINT","TOT","PC_PA","M","2020-11",-0.6152381,
"DEU","LTINT","TOT","PC_PA","M","2020-12",-0.619,
"ITA","LTINT","TOT","PC_PA","M","2007-01",4.2628,
"ITA","LTINT","TOT","PC_PA","M","2007-02",4.2801,
"ITA","LTINT","TOT","PC_PA","M","2007-03",4.1762,
"ITA","LTINT","TOT","PC_PA","M","2007-04",4.3702,
"ITA","LTINT","TOT","PC_PA","M","2007-05",4.4897,
"ITA","LTINT","TOT","PC_PA","M","2007-06",4.772,
"ITA","LTINT","TOT","PC_PA","M","2007-07",4.7603,
"ITA","LTINT","TOT","PC_PA","M","2007-08",4.5835,
"ITA","LTINT","TOT","PC_PA","M","2007-09",4.5736,
"ITA","LTINT","TOT","PC_PA","M","2007-10",4.5909,
"ITA","LTINT","TOT","PC_PA","M","2007-11",4.4493,
"ITA","LTINT","TOT","PC_PA","M","2007-12",4.5385,
"ITA","LTINT","TOT","PC_PA","M","2008-01",4.3989,
"ITA","LTINT","TOT","PC_PA","M","2008-02",4.3544,
"ITA","LTINT","TOT","PC_PA","M","2008-03",4.38,
"ITA","LTINT","TOT","PC_PA","M","2008-04",4.53,
"ITA","LTINT","TOT","PC_PA","M","2008-05",4.7,
"ITA","LTINT","TOT","PC_PA","M","2008-06",5.1056,
"ITA","LTINT","TOT","PC_PA","M","2008-07",5.0946,
"ITA","LTINT","TOT","PC_PA","M","2008-08",4.8139,
"ITA","LTINT","TOT","PC_PA","M","2008-09",4.8041,
"ITA","LTINT","TOT","PC_PA","M","2008-10",4.78,
"ITA","LTINT","TOT","PC_PA","M","2008-11",4.7425,
"ITA","LTINT","TOT","PC_PA","M","2008-12",4.4688,
"ITA","LTINT","TOT","PC_PA","M","2009-01",4.6213,
"ITA","LTINT","TOT","PC_PA","M","2009-02",4.5358,
"ITA","LTINT","TOT","PC_PA","M","2009-03",4.4584,
"ITA","LTINT","TOT","PC_PA","M","2009-04",4.356,
"ITA","LTINT","TOT","PC_PA","M","2009-05",4.4151,
"ITA","LTINT","TOT","PC_PA","M","2009-06",4.6062,
"ITA","LTINT","TOT","PC_PA","M","2009-07",4.3729,
"ITA","LTINT","TOT","PC_PA","M","2009-08",4.116,
"ITA","LTINT","TOT","PC_PA","M","2009-09",4.088,
"ITA","LTINT","TOT","PC_PA","M","2009-10",4.101,
"ITA","LTINT","TOT","PC_PA","M","2009-11",4.0565,
"ITA","LTINT","TOT","PC_PA","M","2009-12",4.007,
"ITA","LTINT","TOT","PC_PA","M","2010-01",4.0779,
"ITA","LTINT","TOT","PC_PA","M","2010-02",4.047,
"ITA","LTINT","TOT","PC_PA","M","2010-03",3.945,
"ITA","LTINT","TOT","PC_PA","M","2010-04",3.9956,
"ITA","LTINT","TOT","PC_PA","M","2010-05",3.99,
"ITA","LTINT","TOT","PC_PA","M","2010-06",4.1,
"ITA","LTINT","TOT","PC_PA","M","2010-07",4.03,
"ITA","LTINT","TOT","PC_PA","M","2010-08",3.8,
"ITA","LTINT","TOT","PC_PA","M","2010-09",3.86,
"ITA","LTINT","TOT","PC_PA","M","2010-10",3.8,
"ITA","LTINT","TOT","PC_PA","M","2010-11",4.18,
"ITA","LTINT","TOT","PC_PA","M","2010-12",4.603,
"ITA","LTINT","TOT","PC_PA","M","2011-01",4.729,
"ITA","LTINT","TOT","PC_PA","M","2011-02",4.7356,
"ITA","LTINT","TOT","PC_PA","M","2011-03",4.8754,
"ITA","LTINT","TOT","PC_PA","M","2011-04",4.841,
"ITA","LTINT","TOT","PC_PA","M","2011-05",4.756,
"ITA","LTINT","TOT","PC_PA","M","2011-06",4.8156,
"ITA","LTINT","TOT","PC_PA","M","2011-07",5.463,
"ITA","LTINT","TOT","PC_PA","M","2011-08",5.2705,
"ITA","LTINT","TOT","PC_PA","M","2011-09",5.746,
"ITA","LTINT","TOT","PC_PA","M","2011-10",5.9719,
"ITA","LTINT","TOT","PC_PA","M","2011-11",7.0571,
"ITA","LTINT","TOT","PC_PA","M","2011-12",6.812,
"ITA","LTINT","TOT","PC_PA","M","2012-01",6.5366,
"ITA","LTINT","TOT","PC_PA","M","2012-02",5.546,
"ITA","LTINT","TOT","PC_PA","M","2012-03",5.0488,
"ITA","LTINT","TOT","PC_PA","M","2012-04",5.6758,
"ITA","LTINT","TOT","PC_PA","M","2012-05",5.7833,
"ITA","LTINT","TOT","PC_PA","M","2012-06",5.9037,
"ITA","LTINT","TOT","PC_PA","M","2012-07",5.996,
"ITA","LTINT","TOT","PC_PA","M","2012-08",5.822,
"ITA","LTINT","TOT","PC_PA","M","2012-09",5.254,
"ITA","LTINT","TOT","PC_PA","M","2012-10",4.9529,
"ITA","LTINT","TOT","PC_PA","M","2012-11",4.8514,
"ITA","LTINT","TOT","PC_PA","M","2012-12",4.5416,
"ITA","LTINT","TOT","PC_PA","M","2013-01",4.2077,
"ITA","LTINT","TOT","PC_PA","M","2013-02",4.4929,
"ITA","LTINT","TOT","PC_PA","M","2013-03",4.6404,
"ITA","LTINT","TOT","PC_PA","M","2013-04",4.278,
"ITA","LTINT","TOT","PC_PA","M","2013-05",3.964,
"ITA","LTINT","TOT","PC_PA","M","2013-06",4.3789,
"ITA","LTINT","TOT","PC_PA","M","2013-07",4.4183,
"ITA","LTINT","TOT","PC_PA","M","2013-08",4.4191,
"ITA","LTINT","TOT","PC_PA","M","2013-09",4.5411,
"ITA","LTINT","TOT","PC_PA","M","2013-10",4.2476,
"ITA","LTINT","TOT","PC_PA","M","2013-11",4.0951,
"ITA","LTINT","TOT","PC_PA","M","2013-12",4.114,
"ITA","LTINT","TOT","PC_PA","M","2014-01",3.866,
"ITA","LTINT","TOT","PC_PA","M","2014-02",3.6512,
"ITA","LTINT","TOT","PC_PA","M","2014-03",3.3994,
"ITA","LTINT","TOT","PC_PA","M","2014-04",3.228,
"ITA","LTINT","TOT","PC_PA","M","2014-05",3.1233,
"ITA","LTINT","TOT","PC_PA","M","2014-06",2.92,
"ITA","LTINT","TOT","PC_PA","M","2014-07",2.7936,
"ITA","LTINT","TOT","PC_PA","M","2014-08",2.6327,
"ITA","LTINT","TOT","PC_PA","M","2014-09",2.4,
"ITA","LTINT","TOT","PC_PA","M","2014-10",2.424,
"ITA","LTINT","TOT","PC_PA","M","2014-11",2.2904,
"ITA","LTINT","TOT","PC_PA","M","2014-12",1.9898,
"ITA","LTINT","TOT","PC_PA","M","2015-01",1.7021,
"ITA","LTINT","TOT","PC_PA","M","2015-02",1.5568,
"ITA","LTINT","TOT","PC_PA","M","2015-03",1.2942,
"ITA","LTINT","TOT","PC_PA","M","2015-04",1.3574,
"ITA","LTINT","TOT","PC_PA","M","2015-05",1.812,
"ITA","LTINT","TOT","PC_PA","M","2015-06",2.199,
"ITA","LTINT","TOT","PC_PA","M","2015-07",2.0421,
"ITA","LTINT","TOT","PC_PA","M","2015-08",1.839,
"ITA","LTINT","TOT","PC_PA","M","2015-09",1.92,
"ITA","LTINT","TOT","PC_PA","M","2015-10",1.696,
"ITA","LTINT","TOT","PC_PA","M","2015-11",1.5702,
"ITA","LTINT","TOT","PC_PA","M","2015-12",1.5786,
"ITA","LTINT","TOT","PC_PA","M","2016-01",1.534,
"ITA","LTINT","TOT","PC_PA","M","2016-02",1.558,
"ITA","LTINT","TOT","PC_PA","M","2016-03",1.375,
"ITA","LTINT","TOT","PC_PA","M","2016-04",1.4418,
"ITA","LTINT","TOT","PC_PA","M","2016-05",1.5263,
"ITA","LTINT","TOT","PC_PA","M","2016-06",1.4535,
"ITA","LTINT","TOT","PC_PA","M","2016-07",1.2272,
"ITA","LTINT","TOT","PC_PA","M","2016-08",1.1763,
"ITA","LTINT","TOT","PC_PA","M","2016-09",1.2661,
"ITA","LTINT","TOT","PC_PA","M","2016-10",1.45,
"ITA","LTINT","TOT","PC_PA","M","2016-11",1.943,
"ITA","LTINT","TOT","PC_PA","M","2016-12",1.886,
"ITA","LTINT","TOT","PC_PA","M","2017-01",1.9911,
"ITA","LTINT","TOT","PC_PA","M","2017-02",2.352,
"ITA","LTINT","TOT","PC_PA","M","2017-03",2.401,
"ITA","LTINT","TOT","PC_PA","M","2017-04",2.257,
"ITA","LTINT","TOT","PC_PA","M","2017-05",2.194,
"ITA","LTINT","TOT","PC_PA","M","2017-06",2.053,
"ITA","LTINT","TOT","PC_PA","M","2017-07",2.231,
"ITA","LTINT","TOT","PC_PA","M","2017-08",2.1099,
"ITA","LTINT","TOT","PC_PA","M","2017-09",2.1095,
"ITA","LTINT","TOT","PC_PA","M","2017-10",2.0738,
"ITA","LTINT","TOT","PC_PA","M","2017-11",1.7888,
"ITA","LTINT","TOT","PC_PA","M","2017-12",1.794,
"ITA","LTINT","TOT","PC_PA","M","2018-01",1.984,
"ITA","LTINT","TOT","PC_PA","M","2018-02",2.081,
"ITA","LTINT","TOT","PC_PA","M","2018-03",1.9655,
"ITA","LTINT","TOT","PC_PA","M","2018-04",1.7734,
"ITA","LTINT","TOT","PC_PA","M","2018-05",2.1797,
"ITA","LTINT","TOT","PC_PA","M","2018-06",2.7442,
"ITA","LTINT","TOT","PC_PA","M","2018-07",2.643,
"ITA","LTINT","TOT","PC_PA","M","2018-08",3.161,
"ITA","LTINT","TOT","PC_PA","M","2018-09",2.959,
"ITA","LTINT","TOT","PC_PA","M","2018-10",3.469,
"ITA","LTINT","TOT","PC_PA","M","2018-11",3.39,
"ITA","LTINT","TOT","PC_PA","M","2018-12",2.975,
"ITA","LTINT","TOT","PC_PA","M","2019-01",2.77,
"ITA","LTINT","TOT","PC_PA","M","2019-02",2.812,
"ITA","LTINT","TOT","PC_PA","M","2019-03",2.6899,
"ITA","LTINT","TOT","PC_PA","M","2019-04",2.6176,
"ITA","LTINT","TOT","PC_PA","M","2019-05",2.644,
"ITA","LTINT","TOT","PC_PA","M","2019-06",2.284,
"ITA","LTINT","TOT","PC_PA","M","2019-07",1.196,
"ITA","LTINT","TOT","PC_PA","M","2019-08",1.4036,
"ITA","LTINT","TOT","PC_PA","M","2019-09",0.9021,
"ITA","LTINT","TOT","PC_PA","M","2019-10",1.0036,
"ITA","LTINT","TOT","PC_PA","M","2019-11",1.2659,
"ITA","LTINT","TOT","PC_PA","M","2019-12",1.37,
"ITA","LTINT","TOT","PC_PA","M","2020-01",1.275,
"ITA","LTINT","TOT","PC_PA","M","2020-02",0.955,
"ITA","LTINT","TOT","PC_PA","M","2020-03",1.55,
"ITA","LTINT","TOT","PC_PA","M","2020-04",1.799,
"ITA","LTINT","TOT","PC_PA","M","2020-05",1.762,
"ITA","LTINT","TOT","PC_PA","M","2020-06",1.455,
"ITA","LTINT","TOT","PC_PA","M","2020-07",1.2,
"ITA","LTINT","TOT","PC_PA","M","2020-08",1.032,
"ITA","LTINT","TOT","PC_PA","M","2020-09",0.9812,
"ITA","LTINT","TOT","PC_PA","M","2020-10",0.77,
"ITA","LTINT","TOT","PC_PA","M","2020-11",0.664,
"FRA","LTINT","TOT","PC_PA","M","2007-01",4.0694,
"FRA","LTINT","TOT","PC_PA","M","2007-02",4.096,
"FRA","LTINT","TOT","PC_PA","M","2007-03",3.9968,
"FRA","LTINT","TOT","PC_PA","M","2007-04",4.2079,
"FRA","LTINT","TOT","PC_PA","M","2007-05",4.3368,
"FRA","LTINT","TOT","PC_PA","M","2007-06",4.619,
"FRA","LTINT","TOT","PC_PA","M","2007-07",4.5829,
"FRA","LTINT","TOT","PC_PA","M","2007-08",4.3889,
"FRA","LTINT","TOT","PC_PA","M","2007-09",4.3567,
"FRA","LTINT","TOT","PC_PA","M","2007-10",4.4022,
"FRA","LTINT","TOT","PC_PA","M","2007-11",4.2277,
"FRA","LTINT","TOT","PC_PA","M","2007-12",4.3541,
"FRA","LTINT","TOT","PC_PA","M","2008-01",4.15,
"FRA","LTINT","TOT","PC_PA","M","2008-02",4.0792,
"FRA","LTINT","TOT","PC_PA","M","2008-03",4.0194,
"FRA","LTINT","TOT","PC_PA","M","2008-04",4.2699,
"FRA","LTINT","TOT","PC_PA","M","2008-05",4.4059,
"FRA","LTINT","TOT","PC_PA","M","2008-06",4.7337,
"FRA","LTINT","TOT","PC_PA","M","2008-07",4.6903,
"FRA","LTINT","TOT","PC_PA","M","2008-08",4.4018,
"FRA","LTINT","TOT","PC_PA","M","2008-09",4.3619,
"FRA","LTINT","TOT","PC_PA","M","2008-10",4.1836,
"FRA","LTINT","TOT","PC_PA","M","2008-11",3.9767,
"FRA","LTINT","TOT","PC_PA","M","2008-12",3.5395,
"FRA","LTINT","TOT","PC_PA","M","2009-01",3.6016,
"FRA","LTINT","TOT","PC_PA","M","2009-02",3.6781,
"FRA","LTINT","TOT","PC_PA","M","2009-03",3.6474,
"FRA","LTINT","TOT","PC_PA","M","2009-04",3.6591,
"FRA","LTINT","TOT","PC_PA","M","2009-05",3.8045,
"FRA","LTINT","TOT","PC_PA","M","2009-06",3.8997,
"FRA","LTINT","TOT","PC_PA","M","2009-07",3.7329,
"FRA","LTINT","TOT","PC_PA","M","2009-08",3.5874,
"FRA","LTINT","TOT","PC_PA","M","2009-09",3.5869,
"FRA","LTINT","TOT","PC_PA","M","2009-10",3.5579,
"FRA","LTINT","TOT","PC_PA","M","2009-11",3.5552,
"FRA","LTINT","TOT","PC_PA","M","2009-12",3.4751,
"FRA","LTINT","TOT","PC_PA","M","2010-01",3.5157,
"FRA","LTINT","TOT","PC_PA","M","2010-02",3.4981,
"FRA","LTINT","TOT","PC_PA","M","2010-03",3.4374,
"FRA","LTINT","TOT","PC_PA","M","2010-04",3.4016,
"FRA","LTINT","TOT","PC_PA","M","2010-05",3.0757,
"FRA","LTINT","TOT","PC_PA","M","2010-06",3.0732,
"FRA","LTINT","TOT","PC_PA","M","2010-07",2.988,
"FRA","LTINT","TOT","PC_PA","M","2010-08",2.6785,
"FRA","LTINT","TOT","PC_PA","M","2010-09",2.6783,
"FRA","LTINT","TOT","PC_PA","M","2010-10",2.7187,
"FRA","LTINT","TOT","PC_PA","M","2010-11",2.9974,
"FRA","LTINT","TOT","PC_PA","M","2010-12",3.3416,
"FRA","LTINT","TOT","PC_PA","M","2011-01",3.4429,
"FRA","LTINT","TOT","PC_PA","M","2011-02",3.6033,
"FRA","LTINT","TOT","PC_PA","M","2011-03",3.6096,
"FRA","LTINT","TOT","PC_PA","M","2011-04",3.69,
"FRA","LTINT","TOT","PC_PA","M","2011-05",3.4892,
"FRA","LTINT","TOT","PC_PA","M","2011-06",3.4305,
"FRA","LTINT","TOT","PC_PA","M","2011-07",3.3994,
"FRA","LTINT","TOT","PC_PA","M","2011-08",2.9845,
"FRA","LTINT","TOT","PC_PA","M","2011-09",2.6444,
"FRA","LTINT","TOT","PC_PA","M","2011-10",2.9925,
"FRA","LTINT","TOT","PC_PA","M","2011-11",3.4075,
"FRA","LTINT","TOT","PC_PA","M","2011-12",3.1589,
"FRA","LTINT","TOT","PC_PA","M","2012-01",3.1797,
"FRA","LTINT","TOT","PC_PA","M","2012-02",3.0158,
"FRA","LTINT","TOT","PC_PA","M","2012-03",2.9542,
"FRA","LTINT","TOT","PC_PA","M","2012-04",2.9935,
"FRA","LTINT","TOT","PC_PA","M","2012-05",2.7518,
"FRA","LTINT","TOT","PC_PA","M","2012-06",2.5694,
"FRA","LTINT","TOT","PC_PA","M","2012-07",2.2752,
"FRA","LTINT","TOT","PC_PA","M","2012-08",2.1194,
"FRA","LTINT","TOT","PC_PA","M","2012-09",2.2372,
"FRA","LTINT","TOT","PC_PA","M","2012-10",2.1857,
"FRA","LTINT","TOT","PC_PA","M","2012-11",2.1397,
"FRA","LTINT","TOT","PC_PA","M","2012-12",2.0103,
"FRA","LTINT","TOT","PC_PA","M","2013-01",2.1652,
"FRA","LTINT","TOT","PC_PA","M","2013-02",2.2446,
"FRA","LTINT","TOT","PC_PA","M","2013-03",2.071,
"FRA","LTINT","TOT","PC_PA","M","2013-04",1.8028,
"FRA","LTINT","TOT","PC_PA","M","2013-05",1.8728,
"FRA","LTINT","TOT","PC_PA","M","2013-06",2.2107,
"FRA","LTINT","TOT","PC_PA","M","2013-07",2.2468,
"FRA","LTINT","TOT","PC_PA","M","2013-08",2.3624,
"FRA","LTINT","TOT","PC_PA","M","2013-09",2.4858,
"FRA","LTINT","TOT","PC_PA","M","2013-10",2.3943,
"FRA","LTINT","TOT","PC_PA","M","2013-11",2.265,
"FRA","LTINT","TOT","PC_PA","M","2013-12",2.3308,
"FRA","LTINT","TOT","PC_PA","M","2014-01",2.3841,
"FRA","LTINT","TOT","PC_PA","M","2014-02",2.2527,
"FRA","LTINT","TOT","PC_PA","M","2014-03",2.1519,
"FRA","LTINT","TOT","PC_PA","M","2014-04",2.0257,
"FRA","LTINT","TOT","PC_PA","M","2014-05",1.8384,
"FRA","LTINT","TOT","PC_PA","M","2014-06",1.7119,
"FRA","LTINT","TOT","PC_PA","M","2014-07",1.559,
"FRA","LTINT","TOT","PC_PA","M","2014-08",1.4064,
"FRA","LTINT","TOT","PC_PA","M","2014-09",1.3508,
"FRA","LTINT","TOT","PC_PA","M","2014-10",1.2598,
"FRA","LTINT","TOT","PC_PA","M","2014-11",1.1358,
"FRA","LTINT","TOT","PC_PA","M","2014-12",0.9208,
"FRA","LTINT","TOT","PC_PA","M","2015-01",0.6741,
"FRA","LTINT","TOT","PC_PA","M","2015-02",0.5968,
"FRA","LTINT","TOT","PC_PA","M","2015-03",0.5093,
"FRA","LTINT","TOT","PC_PA","M","2015-04",0.435,
"FRA","LTINT","TOT","PC_PA","M","2015-05",0.8888,
"FRA","LTINT","TOT","PC_PA","M","2015-06",1.1955,
"FRA","LTINT","TOT","PC_PA","M","2015-07",1.1136,
"FRA","LTINT","TOT","PC_PA","M","2015-08",1.0051,
"FRA","LTINT","TOT","PC_PA","M","2015-09",1.0046,
"FRA","LTINT","TOT","PC_PA","M","2015-10",0.8652,
"FRA","LTINT","TOT","PC_PA","M","2015-11",0.8831,
"FRA","LTINT","TOT","PC_PA","M","2015-12",0.9312,
"FRA","LTINT","TOT","PC_PA","M","2016-01",0.8428,
"FRA","LTINT","TOT","PC_PA","M","2016-02",0.5923,
"FRA","LTINT","TOT","PC_PA","M","2016-03",0.5093,
"FRA","LTINT","TOT","PC_PA","M","2016-04",0.5142,
"FRA","LTINT","TOT","PC_PA","M","2016-05",0.5095,
"FRA","LTINT","TOT","PC_PA","M","2016-06",0.39,
"FRA","LTINT","TOT","PC_PA","M","2016-07",0.1714,
"FRA","LTINT","TOT","PC_PA","M","2016-08",0.1534,
"FRA","LTINT","TOT","PC_PA","M","2016-09",0.1837,
"FRA","LTINT","TOT","PC_PA","M","2016-10",0.3309,
"FRA","LTINT","TOT","PC_PA","M","2016-11",0.6673,
"FRA","LTINT","TOT","PC_PA","M","2016-12",0.7498,
"FRA","LTINT","TOT","PC_PA","M","2017-01",0.8631,
"FRA","LTINT","TOT","PC_PA","M","2017-02",1.0307,
"FRA","LTINT","TOT","PC_PA","M","2017-03",1.0216,
"FRA","LTINT","TOT","PC_PA","M","2017-04",0.8836,
"FRA","LTINT","TOT","PC_PA","M","2017-05",0.8057,
"FRA","LTINT","TOT","PC_PA","M","2017-06",0.6641,
"FRA","LTINT","TOT","PC_PA","M","2017-07",0.8359,
"FRA","LTINT","TOT","PC_PA","M","2017-08",0.7107,
"FRA","LTINT","TOT","PC_PA","M","2017-09",0.699,
"FRA","LTINT","TOT","PC_PA","M","2017-10",0.812,
"FRA","LTINT","TOT","PC_PA","M","2017-11",0.7171,
"FRA","LTINT","TOT","PC_PA","M","2017-12",0.6748,
"FRA","LTINT","TOT","PC_PA","M","2018-01",0.859,
"FRA","LTINT","TOT","PC_PA","M","2018-02",0.9818,
"FRA","LTINT","TOT","PC_PA","M","2018-03",0.8352,
"FRA","LTINT","TOT","PC_PA","M","2018-04",0.7784,
"FRA","LTINT","TOT","PC_PA","M","2018-05",0.781,
"FRA","LTINT","TOT","PC_PA","M","2018-06",0.754,
"FRA","LTINT","TOT","PC_PA","M","2018-07",0.6653,
"FRA","LTINT","TOT","PC_PA","M","2018-08",0.7045,
"FRA","LTINT","TOT","PC_PA","M","2018-09",0.7658,
"FRA","LTINT","TOT","PC_PA","M","2018-10",0.8229,
"FRA","LTINT","TOT","PC_PA","M","2018-11",0.763,
"FRA","LTINT","TOT","PC_PA","M","2018-12",0.6984,
"FRA","LTINT","TOT","PC_PA","M","2019-01",0.6456,
"FRA","LTINT","TOT","PC_PA","M","2019-02",0.5498,
"FRA","LTINT","TOT","PC_PA","M","2019-03",0.437,
"FRA","LTINT","TOT","PC_PA","M","2019-04",0.3718,
"FRA","LTINT","TOT","PC_PA","M","2019-05",0.3045,
"FRA","LTINT","TOT","PC_PA","M","2019-06",0.0791,
"FRA","LTINT","TOT","PC_PA","M","2019-07",-0.069,
"FRA","LTINT","TOT","PC_PA","M","2019-08",-0.3391,
"FRA","LTINT","TOT","PC_PA","M","2019-09",-0.2757,
"FRA","LTINT","TOT","PC_PA","M","2019-10",-0.1574,
"FRA","LTINT","TOT","PC_PA","M","2019-11",-0.0204,
"FRA","LTINT","TOT","PC_PA","M","2019-12",0.0362,
"FRA","LTINT","TOT","PC_PA","M","2020-01",-0.007,
"FRA","LTINT","TOT","PC_PA","M","2020-02",-0.1772,
"FRA","LTINT","TOT","PC_PA","M","2020-03",-0.0584,
"FRA","LTINT","TOT","PC_PA","M","2020-04",0.0578,
"FRA","LTINT","TOT","PC_PA","M","2020-05",-0.0301,
"FRA","LTINT","TOT","PC_PA","M","2020-06",-0.044,
"FRA","LTINT","TOT","PC_PA","M","2020-07",-0.1478,
"FRA","LTINT","TOT","PC_PA","M","2020-08",-0.1713,
"FRA","LTINT","TOT","PC_PA","M","2020-09",-0.2072,
"FRA","LTINT","TOT","PC_PA","M","2020-10",-0.2966,
"FRA","LTINT","TOT","PC_PA","M","2020-11",-0.3262,
"FRA","LTINT","TOT","PC_PA","M","2020-12",-0.335,
"USA","LTINT","TOT","PC_PA","M","2007-01",4.76,
"USA","LTINT","TOT","PC_PA","M","2007-02",4.72,
"USA","LTINT","TOT","PC_PA","M","2007-03",4.56,
"USA","LTINT","TOT","PC_PA","M","2007-04",4.69,
"USA","LTINT","TOT","PC_PA","M","2007-05",4.75,
"USA","LTINT","TOT","PC_PA","M","2007-06",5.1,
"USA","LTINT","TOT","PC_PA","M","2007-07",5,
"USA","LTINT","TOT","PC_PA","M","2007-08",4.67,
"USA","LTINT","TOT","PC_PA","M","2007-09",4.52,
"USA","LTINT","TOT","PC_PA","M","2007-10",4.53,
"USA","LTINT","TOT","PC_PA","M","2007-11",4.15,
"USA","LTINT","TOT","PC_PA","M","2007-12",4.1,
"USA","LTINT","TOT","PC_PA","M","2008-01",3.74,
"USA","LTINT","TOT","PC_PA","M","2008-02",3.74,
"USA","LTINT","TOT","PC_PA","M","2008-03",3.51,
"USA","LTINT","TOT","PC_PA","M","2008-04",3.68,
"USA","LTINT","TOT","PC_PA","M","2008-05",3.88,
"USA","LTINT","TOT","PC_PA","M","2008-06",4.1,
"USA","LTINT","TOT","PC_PA","M","2008-07",4.01,
"USA","LTINT","TOT","PC_PA","M","2008-08",3.89,
"USA","LTINT","TOT","PC_PA","M","2008-09",3.69,
"USA","LTINT","TOT","PC_PA","M","2008-10",3.81,
"USA","LTINT","TOT","PC_PA","M","2008-11",3.53,
"USA","LTINT","TOT","PC_PA","M","2008-12",2.42,
"USA","LTINT","TOT","PC_PA","M","2009-01",2.52,
"USA","LTINT","TOT","PC_PA","M","2009-02",2.87,
"USA","LTINT","TOT","PC_PA","M","2009-03",2.82,
"USA","LTINT","TOT","PC_PA","M","2009-04",2.93,
"USA","LTINT","TOT","PC_PA","M","2009-05",3.29,
"USA","LTINT","TOT","PC_PA","M","2009-06",3.72,
"USA","LTINT","TOT","PC_PA","M","2009-07",3.56,
"USA","LTINT","TOT","PC_PA","M","2009-08",3.59,
"USA","LTINT","TOT","PC_PA","M","2009-09",3.4,
"USA","LTINT","TOT","PC_PA","M","2009-10",3.39,
"USA","LTINT","TOT","PC_PA","M","2009-11",3.4,
"USA","LTINT","TOT","PC_PA","M","2009-12",3.59,
"USA","LTINT","TOT","PC_PA","M","2010-01",3.73,
"USA","LTINT","TOT","PC_PA","M","2010-02",3.69,
"USA","LTINT","TOT","PC_PA","M","2010-03",3.73,
"USA","LTINT","TOT","PC_PA","M","2010-04",3.85,
"USA","LTINT","TOT","PC_PA","M","2010-05",3.42,
"USA","LTINT","TOT","PC_PA","M","2010-06",3.2,
"USA","LTINT","TOT","PC_PA","M","2010-07",3.01,
"USA","LTINT","TOT","PC_PA","M","2010-08",2.7,
"USA","LTINT","TOT","PC_PA","M","2010-09",2.65,
"USA","LTINT","TOT","PC_PA","M","2010-10",2.54,
"USA","LTINT","TOT","PC_PA","M","2010-11",2.76,
"USA","LTINT","TOT","PC_PA","M","2010-12",3.29,
"USA","LTINT","TOT","PC_PA","M","2011-01",3.39,
"USA","LTINT","TOT","PC_PA","M","2011-02",3.58,
"USA","LTINT","TOT","PC_PA","M","2011-03",3.41,
"USA","LTINT","TOT","PC_PA","M","2011-04",3.46,
"USA","LTINT","TOT","PC_PA","M","2011-05",3.17,
"USA","LTINT","TOT","PC_PA","M","2011-06",3,
"USA","LTINT","TOT","PC_PA","M","2011-07",3,
"USA","LTINT","TOT","PC_PA","M","2011-08",2.3,
"USA","LTINT","TOT","PC_PA","M","2011-09",1.98,
"USA","LTINT","TOT","PC_PA","M","2011-10",2.15,
"USA","LTINT","TOT","PC_PA","M","2011-11",2.01,
"USA","LTINT","TOT","PC_PA","M","2011-12",1.98,
"USA","LTINT","TOT","PC_PA","M","2012-01",1.97,
"USA","LTINT","TOT","PC_PA","M","2012-02",1.97,
"USA","LTINT","TOT","PC_PA","M","2012-03",2.17,
"USA","LTINT","TOT","PC_PA","M","2012-04",2.05,
"USA","LTINT","TOT","PC_PA","M","2012-05",1.8,
"USA","LTINT","TOT","PC_PA","M","2012-06",1.62,
"USA","LTINT","TOT","PC_PA","M","2012-07",1.53,
"USA","LTINT","TOT","PC_PA","M","2012-08",1.68,
"USA","LTINT","TOT","PC_PA","M","2012-09",1.72,
"USA","LTINT","TOT","PC_PA","M","2012-10",1.75,
"USA","LTINT","TOT","PC_PA","M","2012-11",1.65,
"USA","LTINT","TOT","PC_PA","M","2012-12",1.72,
"USA","LTINT","TOT","PC_PA","M","2013-01",1.91,
"USA","LTINT","TOT","PC_PA","M","2013-02",1.98,
"USA","LTINT","TOT","PC_PA","M","2013-03",1.96,
"USA","LTINT","TOT","PC_PA","M","2013-04",1.76,
"USA","LTINT","TOT","PC_PA","M","2013-05",1.93,
"USA","LTINT","TOT","PC_PA","M","2013-06",2.3,
"USA","LTINT","TOT","PC_PA","M","2013-07",2.58,
"USA","LTINT","TOT","PC_PA","M","2013-08",2.74,
"USA","LTINT","TOT","PC_PA","M","2013-09",2.81,
"USA","LTINT","TOT","PC_PA","M","2013-10",2.62,
"USA","LTINT","TOT","PC_PA","M","2013-11",2.72,
"USA","LTINT","TOT","PC_PA","M","2013-12",2.9,
"USA","LTINT","TOT","PC_PA","M","2014-01",2.86,
"USA","LTINT","TOT","PC_PA","M","2014-02",2.71,
"USA","LTINT","TOT","PC_PA","M","2014-03",2.72,
"USA","LTINT","TOT","PC_PA","M","2014-04",2.71,
"USA","LTINT","TOT","PC_PA","M","2014-05",2.56,
"USA","LTINT","TOT","PC_PA","M","2014-06",2.6,
"USA","LTINT","TOT","PC_PA","M","2014-07",2.54,
"USA","LTINT","TOT","PC_PA","M","2014-08",2.42,
"USA","LTINT","TOT","PC_PA","M","2014-09",2.53,
"USA","LTINT","TOT","PC_PA","M","2014-10",2.3,
"USA","LTINT","TOT","PC_PA","M","2014-11",2.33,
"USA","LTINT","TOT","PC_PA","M","2014-12",2.21,
"USA","LTINT","TOT","PC_PA","M","2015-01",1.88,
"USA","LTINT","TOT","PC_PA","M","2015-02",1.98,
"USA","LTINT","TOT","PC_PA","M","2015-03",2.04,
"USA","LTINT","TOT","PC_PA","M","2015-04",1.94,
"USA","LTINT","TOT","PC_PA","M","2015-05",2.2,
"USA","LTINT","TOT","PC_PA","M","2015-06",2.36,
"USA","LTINT","TOT","PC_PA","M","2015-07",2.32,
"USA","LTINT","TOT","PC_PA","M","2015-08",2.17,
"USA","LTINT","TOT","PC_PA","M","2015-09",2.17,
"USA","LTINT","TOT","PC_PA","M","2015-10",2.07,
"USA","LTINT","TOT","PC_PA","M","2015-11",2.26,
"USA","LTINT","TOT","PC_PA","M","2015-12",2.24,
"USA","LTINT","TOT","PC_PA","M","2016-01",2.09,
"USA","LTINT","TOT","PC_PA","M","2016-02",1.78,
"USA","LTINT","TOT","PC_PA","M","2016-03",1.89,
"USA","LTINT","TOT","PC_PA","M","2016-04",1.81,
"USA","LTINT","TOT","PC_PA","M","2016-05",1.81,
"USA","LTINT","TOT","PC_PA","M","2016-06",1.64,
"USA","LTINT","TOT","PC_PA","M","2016-07",1.5,
"USA","LTINT","TOT","PC_PA","M","2016-08",1.56,
"USA","LTINT","TOT","PC_PA","M","2016-09",1.63,
"USA","LTINT","TOT","PC_PA","M","2016-10",1.76,
"USA","LTINT","TOT","PC_PA","M","2016-11",2.14,
"USA","LTINT","TOT","PC_PA","M","2016-12",2.49,
"USA","LTINT","TOT","PC_PA","M","2017-01",2.43,
"USA","LTINT","TOT","PC_PA","M","2017-02",2.42,
"USA","LTINT","TOT","PC_PA","M","2017-03",2.48,
"USA","LTINT","TOT","PC_PA","M","2017-04",2.3,
"USA","LTINT","TOT","PC_PA","M","2017-05",2.3,
"USA","LTINT","TOT","PC_PA","M","2017-06",2.19,
"USA","LTINT","TOT","PC_PA","M","2017-07",2.32,
"USA","LTINT","TOT","PC_PA","M","2017-08",2.21,
"USA","LTINT","TOT","PC_PA","M","2017-09",2.2,
"USA","LTINT","TOT","PC_PA","M","2017-10",2.36,
"USA","LTINT","TOT","PC_PA","M","2017-11",2.35,
"USA","LTINT","TOT","PC_PA","M","2017-12",2.4,
"USA","LTINT","TOT","PC_PA","M","2018-01",2.58,
"USA","LTINT","TOT","PC_PA","M","2018-02",2.86,
"USA","LTINT","TOT","PC_PA","M","2018-03",2.84,
"USA","LTINT","TOT","PC_PA","M","2018-04",2.87,
"USA","LTINT","TOT","PC_PA","M","2018-05",2.98,
"USA","LTINT","TOT","PC_PA","M","2018-06",2.91,
"USA","LTINT","TOT","PC_PA","M","2018-07",2.89,
"USA","LTINT","TOT","PC_PA","M","2018-08",2.89,
"USA","LTINT","TOT","PC_PA","M","2018-09",3,
"USA","LTINT","TOT","PC_PA","M","2018-10",3.15,
"USA","LTINT","TOT","PC_PA","M","2018-11",3.12,
"USA","LTINT","TOT","PC_PA","M","2018-12",2.83,
"USA","LTINT","TOT","PC_PA","M","2019-01",2.71,
"USA","LTINT","TOT","PC_PA","M","2019-02",2.68,
"USA","LTINT","TOT","PC_PA","M","2019-03",2.57,
"USA","LTINT","TOT","PC_PA","M","2019-04",2.53,
"USA","LTINT","TOT","PC_PA","M","2019-05",2.4,
"USA","LTINT","TOT","PC_PA","M","2019-06",2.07,
"USA","LTINT","TOT","PC_PA","M","2019-07",2.06,
"USA","LTINT","TOT","PC_PA","M","2019-08",1.63,
"USA","LTINT","TOT","PC_PA","M","2019-09",1.7,
"USA","LTINT","TOT","PC_PA","M","2019-10",1.71,
"USA","LTINT","TOT","PC_PA","M","2019-11",1.81,
"USA","LTINT","TOT","PC_PA","M","2019-12",1.86,
"USA","LTINT","TOT","PC_PA","M","2020-01",1.76,
"USA","LTINT","TOT","PC_PA","M","2020-02",1.5,
"USA","LTINT","TOT","PC_PA","M","2020-03",0.87,
"USA","LTINT","TOT","PC_PA","M","2020-04",0.66,
"USA","LTINT","TOT","PC_PA","M","2020-05",0.67,
"USA","LTINT","TOT","PC_PA","M","2020-06",0.73,
"USA","LTINT","TOT","PC_PA","M","2020-07",0.62,
"USA","LTINT","TOT","PC_PA","M","2020-08",0.65,
"USA","LTINT","TOT","PC_PA","M","2020-09",0.68,
"USA","LTINT","TOT","PC_PA","M","2020-10",0.79,
"USA","LTINT","TOT","PC_PA","M","2020-11",0.87,
"USA","LTINT","TOT","PC_PA","M","2020-12",0.93,
"GBR","LTINT","TOT","PC_PA","M","2007-01",4.8694,
"GBR","LTINT","TOT","PC_PA","M","2007-02",4.896,
"GBR","LTINT","TOT","PC_PA","M","2007-03",4.8194,
"GBR","LTINT","TOT","PC_PA","M","2007-04",5.0439,
"GBR","LTINT","TOT","PC_PA","M","2007-05",5.1458,
"GBR","LTINT","TOT","PC_PA","M","2007-06",5.4321,
"GBR","LTINT","TOT","PC_PA","M","2007-07",5.4084,
"GBR","LTINT","TOT","PC_PA","M","2007-08",5.1499,
"GBR","LTINT","TOT","PC_PA","M","2007-09",4.9928,
"GBR","LTINT","TOT","PC_PA","M","2007-10",4.9576,
"GBR","LTINT","TOT","PC_PA","M","2007-11",4.7263,
"GBR","LTINT","TOT","PC_PA","M","2007-12",4.6937,
"GBR","LTINT","TOT","PC_PA","M","2008-01",4.4925,
"GBR","LTINT","TOT","PC_PA","M","2008-02",4.6234,
"GBR","LTINT","TOT","PC_PA","M","2008-03",4.445,
"GBR","LTINT","TOT","PC_PA","M","2008-04",4.6432,
"GBR","LTINT","TOT","PC_PA","M","2008-05",4.8683,
"GBR","LTINT","TOT","PC_PA","M","2008-06",5.2103,
"GBR","LTINT","TOT","PC_PA","M","2008-07",5.0494,
"GBR","LTINT","TOT","PC_PA","M","2008-08",4.7267,
"GBR","LTINT","TOT","PC_PA","M","2008-09",4.5701,
"GBR","LTINT","TOT","PC_PA","M","2008-10",4.5789,
"GBR","LTINT","TOT","PC_PA","M","2008-11",4.2571,
"GBR","LTINT","TOT","PC_PA","M","2008-12",3.6238,
"GBR","LTINT","TOT","PC_PA","M","2009-01",3.6699,
"GBR","LTINT","TOT","PC_PA","M","2009-02",3.6899,
"GBR","LTINT","TOT","PC_PA","M","2009-03",3.2497,
"GBR","LTINT","TOT","PC_PA","M","2009-04",3.4072,
"GBR","LTINT","TOT","PC_PA","M","2009-05",3.6206,
"GBR","LTINT","TOT","PC_PA","M","2009-06",3.7221,
"GBR","LTINT","TOT","PC_PA","M","2009-07",3.8238,
"GBR","LTINT","TOT","PC_PA","M","2009-08",3.7142,
"GBR","LTINT","TOT","PC_PA","M","2009-09",3.6566,
"GBR","LTINT","TOT","PC_PA","M","2009-10",3.5699,
"GBR","LTINT","TOT","PC_PA","M","2009-11",3.7592,
"GBR","LTINT","TOT","PC_PA","M","2009-12",3.8871,
"GBR","LTINT","TOT","PC_PA","M","2010-01",4.0025,
"GBR","LTINT","TOT","PC_PA","M","2010-02",4.0624,
"GBR","LTINT","TOT","PC_PA","M","2010-03",4.0915,
"GBR","LTINT","TOT","PC_PA","M","2010-04",4.1007,
"GBR","LTINT","TOT","PC_PA","M","2010-05",3.7772,
"GBR","LTINT","TOT","PC_PA","M","2010-06",3.6007,
"GBR","LTINT","TOT","PC_PA","M","2010-07",3.5087,
"GBR","LTINT","TOT","PC_PA","M","2010-08",3.233,
"GBR","LTINT","TOT","PC_PA","M","2010-09",3.1271,
"GBR","LTINT","TOT","PC_PA","M","2010-10",3.0685,
"GBR","LTINT","TOT","PC_PA","M","2010-11",3.311,
"GBR","LTINT","TOT","PC_PA","M","2010-12",3.6098,
"GBR","LTINT","TOT","PC_PA","M","2011-01",3.7273,
"GBR","LTINT","TOT","PC_PA","M","2011-02",3.8799,
"GBR","LTINT","TOT","PC_PA","M","2011-03",3.7386,
"GBR","LTINT","TOT","PC_PA","M","2011-04",3.7619,
"GBR","LTINT","TOT","PC_PA","M","2011-05",3.5053,
"GBR","LTINT","TOT","PC_PA","M","2011-06",3.4144,
"GBR","LTINT","TOT","PC_PA","M","2011-07",3.3137,
"GBR","LTINT","TOT","PC_PA","M","2011-08",2.7833,
"GBR","LTINT","TOT","PC_PA","M","2011-09",2.504,
"GBR","LTINT","TOT","PC_PA","M","2011-10",2.529,
"GBR","LTINT","TOT","PC_PA","M","2011-11",2.2917,
"GBR","LTINT","TOT","PC_PA","M","2011-12",2.1828,
"GBR","LTINT","TOT","PC_PA","M","2012-01",2.1104,
"GBR","LTINT","TOT","PC_PA","M","2012-02",2.2191,
"GBR","LTINT","TOT","PC_PA","M","2012-03",2.323,
"GBR","LTINT","TOT","PC_PA","M","2012-04",2.2117,
"GBR","LTINT","TOT","PC_PA","M","2012-05",1.9416,
"GBR","LTINT","TOT","PC_PA","M","2012-06",1.7698,
"GBR","LTINT","TOT","PC_PA","M","2012-07",1.6523,
"GBR","LTINT","TOT","PC_PA","M","2012-08",1.6735,
"GBR","LTINT","TOT","PC_PA","M","2012-09",1.7222,
"GBR","LTINT","TOT","PC_PA","M","2012-10",1.7721,
"GBR","LTINT","TOT","PC_PA","M","2012-11",1.7741,
"GBR","LTINT","TOT","PC_PA","M","2012-12",1.8467,
"GBR","LTINT","TOT","PC_PA","M","2013-01",2.0795,
"GBR","LTINT","TOT","PC_PA","M","2013-02",2.1781,
"GBR","LTINT","TOT","PC_PA","M","2013-03",1.9768,
"GBR","LTINT","TOT","PC_PA","M","2013-04",1.7824,
"GBR","LTINT","TOT","PC_PA","M","2013-05",1.9462,
"GBR","LTINT","TOT","PC_PA","M","2013-06",2.3063,
"GBR","LTINT","TOT","PC_PA","M","2013-07",2.471,
"GBR","LTINT","TOT","PC_PA","M","2013-08",2.7088,
"GBR","LTINT","TOT","PC_PA","M","2013-09",2.8443,
"GBR","LTINT","TOT","PC_PA","M","2013-10",2.6784,
"GBR","LTINT","TOT","PC_PA","M","2013-11",2.7598,
"GBR","LTINT","TOT","PC_PA","M","2013-12",2.9458,
"GBR","LTINT","TOT","PC_PA","M","2014-01",2.91,
"GBR","LTINT","TOT","PC_PA","M","2014-02",2.8147,
"GBR","LTINT","TOT","PC_PA","M","2014-03",2.7837,
"GBR","LTINT","TOT","PC_PA","M","2014-04",2.7417,
"GBR","LTINT","TOT","PC_PA","M","2014-05",2.6989,
"GBR","LTINT","TOT","PC_PA","M","2014-06",2.7842,
"GBR","LTINT","TOT","PC_PA","M","2014-07",2.7343,
"GBR","LTINT","TOT","PC_PA","M","2014-08",2.5347,
"GBR","LTINT","TOT","PC_PA","M","2014-09",2.4919,
"GBR","LTINT","TOT","PC_PA","M","2014-10",2.2469,
"GBR","LTINT","TOT","PC_PA","M","2014-11",2.1593,
"GBR","LTINT","TOT","PC_PA","M","2014-12",1.9287,
"GBR","LTINT","TOT","PC_PA","M","2015-01",1.589,
"GBR","LTINT","TOT","PC_PA","M","2015-02",1.7365,
"GBR","LTINT","TOT","PC_PA","M","2015-03",1.7941,
"GBR","LTINT","TOT","PC_PA","M","2015-04",1.755,
"GBR","LTINT","TOT","PC_PA","M","2015-05",2.0243,
"GBR","LTINT","TOT","PC_PA","M","2015-06",2.1696,
"GBR","LTINT","TOT","PC_PA","M","2015-07",2.1353,
"GBR","LTINT","TOT","PC_PA","M","2015-08",1.9799,
"GBR","LTINT","TOT","PC_PA","M","2015-09",1.8814,
"GBR","LTINT","TOT","PC_PA","M","2015-10",1.846,
"GBR","LTINT","TOT","PC_PA","M","2015-11",1.9779,
"GBR","LTINT","TOT","PC_PA","M","2015-12",1.9234,
"GBR","LTINT","TOT","PC_PA","M","2016-01",1.7833,
"GBR","LTINT","TOT","PC_PA","M","2016-02",1.5032,
"GBR","LTINT","TOT","PC_PA","M","2016-03",1.5434,
"GBR","LTINT","TOT","PC_PA","M","2016-04",1.5688,
"GBR","LTINT","TOT","PC_PA","M","2016-05",1.5366,
"GBR","LTINT","TOT","PC_PA","M","2016-06",1.3105,
"GBR","LTINT","TOT","PC_PA","M","2016-07",0.9569,
"GBR","LTINT","TOT","PC_PA","M","2016-08",0.7421,
"GBR","LTINT","TOT","PC_PA","M","2016-09",0.8243,
"GBR","LTINT","TOT","PC_PA","M","2016-10",1.078,
"GBR","LTINT","TOT","PC_PA","M","2016-11",1.3818,
"GBR","LTINT","TOT","PC_PA","M","2016-12",1.4336,
"GBR","LTINT","TOT","PC_PA","M","2017-01",1.4203,
"GBR","LTINT","TOT","PC_PA","M","2017-02",1.3058,
"GBR","LTINT","TOT","PC_PA","M","2017-03",1.194,
"GBR","LTINT","TOT","PC_PA","M","2017-04",1.0789,
"GBR","LTINT","TOT","PC_PA","M","2017-05",1.1175,
"GBR","LTINT","TOT","PC_PA","M","2017-06",1.0846,
"GBR","LTINT","TOT","PC_PA","M","2017-07",1.2713,
"GBR","LTINT","TOT","PC_PA","M","2017-08",1.1241,
"GBR","LTINT","TOT","PC_PA","M","2017-09",1.2436,
"GBR","LTINT","TOT","PC_PA","M","2017-10",1.3816,
"GBR","LTINT","TOT","PC_PA","M","2017-11",1.3299,
"GBR","LTINT","TOT","PC_PA","M","2017-12",1.2781,
"GBR","LTINT","TOT","PC_PA","M","2018-01",1.3931,
"GBR","LTINT","TOT","PC_PA","M","2018-02",1.6034,
"GBR","LTINT","TOT","PC_PA","M","2018-03",1.508,
"GBR","LTINT","TOT","PC_PA","M","2018-04",1.5108,
"GBR","LTINT","TOT","PC_PA","M","2018-05",1.5016,
"GBR","LTINT","TOT","PC_PA","M","2018-06",1.4229,
"GBR","LTINT","TOT","PC_PA","M","2018-07",1.3739,
"GBR","LTINT","TOT","PC_PA","M","2018-08",1.3991,
"GBR","LTINT","TOT","PC_PA","M","2018-09",1.5023,
"GBR","LTINT","TOT","PC_PA","M","2018-10",1.5462,
"GBR","LTINT","TOT","PC_PA","M","2018-11",1.4541,
"GBR","LTINT","TOT","PC_PA","M","2018-12",1.3125,
"GBR","LTINT","TOT","PC_PA","M","2019-01",1.3221,
"GBR","LTINT","TOT","PC_PA","M","2019-02",1.239,
"GBR","LTINT","TOT","PC_PA","M","2019-03",1.19,
"GBR","LTINT","TOT","PC_PA","M","2019-04",1.1906,
"GBR","LTINT","TOT","PC_PA","M","2019-05",1.13,
"GBR","LTINT","TOT","PC_PA","M","2019-06",0.919,
"GBR","LTINT","TOT","PC_PA","M","2019-07",0.8304,
"GBR","LTINT","TOT","PC_PA","M","2019-08",0.5776,
"GBR","LTINT","TOT","PC_PA","M","2019-09",0.5981,
"GBR","LTINT","TOT","PC_PA","M","2019-10",0.6373,
"GBR","LTINT","TOT","PC_PA","M","2019-11",0.765,
"GBR","LTINT","TOT","PC_PA","M","2019-12",0.8308,
"GBR","LTINT","TOT","PC_PA","M","2020-01",0.7235,
"GBR","LTINT","TOT","PC_PA","M","2020-02",0.633,
"GBR","LTINT","TOT","PC_PA","M","2020-03",0.4609,
"GBR","LTINT","TOT","PC_PA","M","2020-04",0.3577,
"GBR","LTINT","TOT","PC_PA","M","2020-05",0.2743,
"GBR","LTINT","TOT","PC_PA","M","2020-06",0.278,
"GBR","LTINT","TOT","PC_PA","M","2020-07",0.2094,
"GBR","LTINT","TOT","PC_PA","M","2020-08",0.2717,
"GBR","LTINT","TOT","PC_PA","M","2020-09",0.273,
"GBR","LTINT","TOT","PC_PA","M","2020-10",0.3058,
"GBR","LTINT","TOT","PC_PA","M","2020-11",0.3836,
"GBR","LTINT","TOT","PC_PA","M","2020-12",0.32,
"JPN","LTINT","TOT","PC_PA","M","2007-01",1.705,
"JPN","LTINT","TOT","PC_PA","M","2007-02",1.64,
"JPN","LTINT","TOT","PC_PA","M","2007-03",1.629,
"JPN","LTINT","TOT","PC_PA","M","2007-04",1.653,
"JPN","LTINT","TOT","PC_PA","M","2007-05",1.733,
"JPN","LTINT","TOT","PC_PA","M","2007-06",1.903,
"JPN","LTINT","TOT","PC_PA","M","2007-07",1.809,
"JPN","LTINT","TOT","PC_PA","M","2007-08",1.577,
"JPN","LTINT","TOT","PC_PA","M","2007-09",1.698,
"JPN","LTINT","TOT","PC_PA","M","2007-10",1.616,
"JPN","LTINT","TOT","PC_PA","M","2007-11",1.497,
"JPN","LTINT","TOT","PC_PA","M","2007-12",1.526,
"JPN","LTINT","TOT","PC_PA","M","2008-01",1.429,
"JPN","LTINT","TOT","PC_PA","M","2008-02",1.429,
"JPN","LTINT","TOT","PC_PA","M","2008-03",1.245,
"JPN","LTINT","TOT","PC_PA","M","2008-04",1.6,
"JPN","LTINT","TOT","PC_PA","M","2008-05",1.778,
"JPN","LTINT","TOT","PC_PA","M","2008-06",1.601,
"JPN","LTINT","TOT","PC_PA","M","2008-07",1.537,
"JPN","LTINT","TOT","PC_PA","M","2008-08",1.431,
"JPN","LTINT","TOT","PC_PA","M","2008-09",1.481,
"JPN","LTINT","TOT","PC_PA","M","2008-10",1.486,
"JPN","LTINT","TOT","PC_PA","M","2008-11",1.377,
"JPN","LTINT","TOT","PC_PA","M","2008-12",1.214,
"JPN","LTINT","TOT","PC_PA","M","2009-01",1.272,
"JPN","LTINT","TOT","PC_PA","M","2009-02",1.277,
"JPN","LTINT","TOT","PC_PA","M","2009-03",1.323,
"JPN","LTINT","TOT","PC_PA","M","2009-04",1.402,
"JPN","LTINT","TOT","PC_PA","M","2009-05",1.481,
"JPN","LTINT","TOT","PC_PA","M","2009-06",1.363,
"JPN","LTINT","TOT","PC_PA","M","2009-07",1.386,
"JPN","LTINT","TOT","PC_PA","M","2009-08",1.314,
"JPN","LTINT","TOT","PC_PA","M","2009-09",1.258,
"JPN","LTINT","TOT","PC_PA","M","2009-10",1.404,
"JPN","LTINT","TOT","PC_PA","M","2009-11",1.253,
"JPN","LTINT","TOT","PC_PA","M","2009-12",1.272,
"JPN","LTINT","TOT","PC_PA","M","2010-01",1.308,
"JPN","LTINT","TOT","PC_PA","M","2010-02",1.295,
"JPN","LTINT","TOT","PC_PA","M","2010-03",1.361,
"JPN","LTINT","TOT","PC_PA","M","2010-04",1.286,
"JPN","LTINT","TOT","PC_PA","M","2010-05",1.257,
"JPN","LTINT","TOT","PC_PA","M","2010-06",1.08,
"JPN","LTINT","TOT","PC_PA","M","2010-07",1.075,
"JPN","LTINT","TOT","PC_PA","M","2010-08",1.023,
"JPN","LTINT","TOT","PC_PA","M","2010-09",0.898,
"JPN","LTINT","TOT","PC_PA","M","2010-10",0.903,
"JPN","LTINT","TOT","PC_PA","M","2010-11",1.161,
"JPN","LTINT","TOT","PC_PA","M","2010-12",1.133,
"JPN","LTINT","TOT","PC_PA","M","2011-01",1.213,
"JPN","LTINT","TOT","PC_PA","M","2011-02",1.241,
"JPN","LTINT","TOT","PC_PA","M","2011-03",1.214,
"JPN","LTINT","TOT","PC_PA","M","2011-04",1.215,
"JPN","LTINT","TOT","PC_PA","M","2011-05",1.118,
"JPN","LTINT","TOT","PC_PA","M","2011-06",1.084,
"JPN","LTINT","TOT","PC_PA","M","2011-07",1.075,
"JPN","LTINT","TOT","PC_PA","M","2011-08",1.023,
"JPN","LTINT","TOT","PC_PA","M","2011-09",0.975,
"JPN","LTINT","TOT","PC_PA","M","2011-10",1.038,
"JPN","LTINT","TOT","PC_PA","M","2011-11",1.062,
"JPN","LTINT","TOT","PC_PA","M","2011-12",0.971,
"JPN","LTINT","TOT","PC_PA","M","2012-01",0.959,
"JPN","LTINT","TOT","PC_PA","M","2012-02",0.962,
"JPN","LTINT","TOT","PC_PA","M","2012-03",0.966,
"JPN","LTINT","TOT","PC_PA","M","2012-04",0.914,
"JPN","LTINT","TOT","PC_PA","M","2012-05",0.846,
"JPN","LTINT","TOT","PC_PA","M","2012-06",0.789,
"JPN","LTINT","TOT","PC_PA","M","2012-07",0.78,
"JPN","LTINT","TOT","PC_PA","M","2012-08",0.8,
"JPN","LTINT","TOT","PC_PA","M","2012-09",0.757,
"JPN","LTINT","TOT","PC_PA","M","2012-10",0.76,
"JPN","LTINT","TOT","PC_PA","M","2012-11",0.713,
"JPN","LTINT","TOT","PC_PA","M","2012-12",0.781,
"JPN","LTINT","TOT","PC_PA","M","2013-01",0.775,
"JPN","LTINT","TOT","PC_PA","M","2013-02",0.669,
"JPN","LTINT","TOT","PC_PA","M","2013-03",0.492,
"JPN","LTINT","TOT","PC_PA","M","2013-04",0.589,
"JPN","LTINT","TOT","PC_PA","M","2013-05",0.879,
"JPN","LTINT","TOT","PC_PA","M","2013-06",0.822,
"JPN","LTINT","TOT","PC_PA","M","2013-07",0.79,
"JPN","LTINT","TOT","PC_PA","M","2013-08",0.708,
"JPN","LTINT","TOT","PC_PA","M","2013-09",0.669,
"JPN","LTINT","TOT","PC_PA","M","2013-10",0.59,
"JPN","LTINT","TOT","PC_PA","M","2013-11",0.605,
"JPN","LTINT","TOT","PC_PA","M","2013-12",0.688,
"JPN","LTINT","TOT","PC_PA","M","2014-01",0.614,
"JPN","LTINT","TOT","PC_PA","M","2014-02",0.586,
"JPN","LTINT","TOT","PC_PA","M","2014-03",0.605,
"JPN","LTINT","TOT","PC_PA","M","2014-04",0.61,
"JPN","LTINT","TOT","PC_PA","M","2014-05",0.566,
"JPN","LTINT","TOT","PC_PA","M","2014-06",0.536,
"JPN","LTINT","TOT","PC_PA","M","2014-07",0.527,
"JPN","LTINT","TOT","PC_PA","M","2014-08",0.488,
"JPN","LTINT","TOT","PC_PA","M","2014-09",0.497,
"JPN","LTINT","TOT","PC_PA","M","2014-10",0.465,
"JPN","LTINT","TOT","PC_PA","M","2014-11",0.42,
"JPN","LTINT","TOT","PC_PA","M","2014-12",0.33,
"JPN","LTINT","TOT","PC_PA","M","2015-01",0.275,
"JPN","LTINT","TOT","PC_PA","M","2015-02",0.33,
"JPN","LTINT","TOT","PC_PA","M","2015-03",0.4,
"JPN","LTINT","TOT","PC_PA","M","2015-04",0.34,
"JPN","LTINT","TOT","PC_PA","M","2015-05",0.39,
"JPN","LTINT","TOT","PC_PA","M","2015-06",0.455,
"JPN","LTINT","TOT","PC_PA","M","2015-07",0.41,
"JPN","LTINT","TOT","PC_PA","M","2015-08",0.38,
"JPN","LTINT","TOT","PC_PA","M","2015-09",0.35,
"JPN","LTINT","TOT","PC_PA","M","2015-10",0.3,
"JPN","LTINT","TOT","PC_PA","M","2015-11",0.3,
"JPN","LTINT","TOT","PC_PA","M","2015-12",0.27,
"JPN","LTINT","TOT","PC_PA","M","2016-01",0.095,
"JPN","LTINT","TOT","PC_PA","M","2016-02",-0.065,
"JPN","LTINT","TOT","PC_PA","M","2016-03",-0.05,
"JPN","LTINT","TOT","PC_PA","M","2016-04",-0.085,
"JPN","LTINT","TOT","PC_PA","M","2016-05",-0.12,
"JPN","LTINT","TOT","PC_PA","M","2016-06",-0.23,
"JPN","LTINT","TOT","PC_PA","M","2016-07",-0.195,
"JPN","LTINT","TOT","PC_PA","M","2016-08",-0.07,
"JPN","LTINT","TOT","PC_PA","M","2016-09",-0.085,
"JPN","LTINT","TOT","PC_PA","M","2016-10",-0.05,
"JPN","LTINT","TOT","PC_PA","M","2016-11",0.02,
"JPN","LTINT","TOT","PC_PA","M","2016-12",0.04,
"JPN","LTINT","TOT","PC_PA","M","2017-01",0.085,
"JPN","LTINT","TOT","PC_PA","M","2017-02",0.05,
"JPN","LTINT","TOT","PC_PA","M","2017-03",0.065,
"JPN","LTINT","TOT","PC_PA","M","2017-04",0.015,
"JPN","LTINT","TOT","PC_PA","M","2017-05",0.04,
"JPN","LTINT","TOT","PC_PA","M","2017-06",0.075,
"JPN","LTINT","TOT","PC_PA","M","2017-07",0.075,
"JPN","LTINT","TOT","PC_PA","M","2017-08",0.01,
"JPN","LTINT","TOT","PC_PA","M","2017-09",0.06,
"JPN","LTINT","TOT","PC_PA","M","2017-10",0.065,
"JPN","LTINT","TOT","PC_PA","M","2017-11",0.035,
"JPN","LTINT","TOT","PC_PA","M","2017-12",0.045,
"JPN","LTINT","TOT","PC_PA","M","2018-01",0.08,
"JPN","LTINT","TOT","PC_PA","M","2018-02",0.045,
"JPN","LTINT","TOT","PC_PA","M","2018-03",0.045,
"JPN","LTINT","TOT","PC_PA","M","2018-04",0.05,
"JPN","LTINT","TOT","PC_PA","M","2018-05",0.03,
"JPN","LTINT","TOT","PC_PA","M","2018-06",0.03,
"JPN","LTINT","TOT","PC_PA","M","2018-07",0.06,
"JPN","LTINT","TOT","PC_PA","M","2018-08",0.11,
"JPN","LTINT","TOT","PC_PA","M","2018-09",0.125,
"JPN","LTINT","TOT","PC_PA","M","2018-10",0.13,
"JPN","LTINT","TOT","PC_PA","M","2018-11",0.085,
"JPN","LTINT","TOT","PC_PA","M","2018-12",-0.01,
"JPN","LTINT","TOT","PC_PA","M","2019-01",0,
"JPN","LTINT","TOT","PC_PA","M","2019-02",-0.015,
"JPN","LTINT","TOT","PC_PA","M","2019-03",-0.095,
"JPN","LTINT","TOT","PC_PA","M","2019-04",-0.045,
"JPN","LTINT","TOT","PC_PA","M","2019-05",-0.095,
"JPN","LTINT","TOT","PC_PA","M","2019-06",-0.165,
"JPN","LTINT","TOT","PC_PA","M","2019-07",-0.16,
"JPN","LTINT","TOT","PC_PA","M","2019-08",-0.28,
"JPN","LTINT","TOT","PC_PA","M","2019-09",-0.215,
"JPN","LTINT","TOT","PC_PA","M","2019-10",-0.15,
"JPN","LTINT","TOT","PC_PA","M","2019-11",-0.08,
"JPN","LTINT","TOT","PC_PA","M","2019-12",-0.025,
"JPN","LTINT","TOT","PC_PA","M","2020-01",-0.065,
"JPN","LTINT","TOT","PC_PA","M","2020-02",-0.155,
"JPN","LTINT","TOT","PC_PA","M","2020-03",0.005,
"JPN","LTINT","TOT","PC_PA","M","2020-04",-0.04,
"JPN","LTINT","TOT","PC_PA","M","2020-05",0,
"JPN","LTINT","TOT","PC_PA","M","2020-06",0.03,
"JPN","LTINT","TOT","PC_PA","M","2020-07",0.01,
"JPN","LTINT","TOT","PC_PA","M","2020-08",0.045,
"JPN","LTINT","TOT","PC_PA","M","2020-09",0.015,
"JPN","LTINT","TOT","PC_PA","M","2020-10",0.04,
"JPN","LTINT","TOT","PC_PA","M","2020-11",0.03,
"JPN","LTINT","TOT","PC_PA","M","2020-12",0.02,
